{
  "horizons": [
    100,
    320,
    1000,
    3200,
    10000,
    32000,
    80000
  ],
  "seeds": 10,
  "p_ref": 0.1,
  "active": {
    "mean": [
      32.2,
      32.2,
      32.2,
      32.2,
      32.2,
      32.2,
      32.2
    ],
    "std": [
      0.4,
      0.4,
      0.4,
      0.4,
      0.4,
      0.4,
      0.4
    ]
  },
  "fixed": {
    "mean": [
      9.3,
      30.7,
      94.7,
      319.1,
      1009.2,
      3216.7,
      8028.3
    ],
    "std": [
      1.6155494421403513,
      4.517742799230607,
      10.178899744078432,
      25.299999999999997,
      41.32263302356228,
      44.804129273985446,
      93.81050047835797
    ]
  },
  "active_recovery": [
    1.0,
    1.0,
    1.0,
    1.0,
    1.0,
    1.0,
    1.0
  ],
  "active_asymptote": 32.2
}