{
  "steps": 5000,
  "seeds": 15,
  "k": 5,
  "M": 20,
  "values": {
    "a": [
      0.5,
      0.7,
      0.9,
      0.95,
      1.0
    ],
    "b": [
      0.1,
      0.5,
      2.0
    ],
    "c": [
      0.0,
      0.1,
      0.5,
      1.0
    ]
  },
  "final": {
    "a_0": [
      132.36666870117188,
      12.159313201904297
    ],
    "a_1": [
      141.1999969482422,
      7.238324165344238
    ],
    "a_2": [
      149.43333435058594,
      21.43507194519043
    ],
    "a_3": [
      145.96665954589844,
      19.203702926635742
    ],
    "a_4": [
      110.06666564941406,
      3.275498151779175
    ],
    "b_0": [
      193.36666870117188,
      25.509126663208008
    ],
    "b_1": [
      138.53334045410156,
      13.919370651245117
    ],
    "b_2": [
      111.0999984741211,
      2.0752506256103516
    ],
    "c_0": [
      134.96665954589844,
      5.255049705505371
    ],
    "c_1": [
      138.53334045410156,
      13.919370651245117
    ],
    "c_2": [
      454.70001220703125,
      700.0841674804688
    ],
    "c_3": [
      602.5,
      901.4610595703125
    ]
  }
}