{
  "steps": 5000,
  "seeds": 25,
  "k": 5,
  "M": 10,
  "arm_gap": 0.5,
  "bias_mag": 1.0,
  "final": {
    "a_mean": [
      2432.719970703125,
      3.6306471824645996
    ],
    "a_dawid": [
      2471.8798828125,
      1.423235535621643
    ],
    "a_esa": [
      138.8800048828125,
      16.198320388793945
    ],
    "b_mean": [
      2472.199951171875,
      1.5556350946426392
    ],
    "b_dawid": [
      2472.159912109375,
      1.508111596107483
    ],
    "b_esa": [
      2471.760009765625,
      1.2338557243347168
    ],
    "b_esa_fs": [
      108.69999694824219,
      3.0919246673583984
    ]
  }
}