{
  "ratios": [
    0.0,
    0.2,
    0.3,
    0.4,
    0.5,
    0.6,
    0.7,
    0.8,
    1.0
  ],
  "steps": 5000,
  "seeds": 15,
  "tip": 0.16666666666666666,
  "arm_gap": 0.5,
  "bias_mag": 3.0,
  "mean": {
    "Mean": [
      246.46666666666667,
      2188.4333333333334,
      2458.7,
      2484.9333333333334,
      2492.1,
      2495.0333333333333,
      2496.733333333333,
      2497.5,
      2498.5
    ],
    "Median": [
      247.46666666666667,
      249.56666666666666,
      251.76666666666668,
      256.73333333333335,
      2492.1,
      2498.5,
      2498.5,
      2498.5,
      2498.5
    ],
    "Dawid-Skene": [
      246.03333333333333,
      257.0,
      274.06666666666666,
      308.3666666666667,
      1983.4,
      2498.5,
      2498.5,
      2498.5,
      2498.5
    ],
    "GAIL": [
      246.26666666666668,
      246.06666666666666,
      246.8,
      245.13333333333333,
      2492.0333333333333,
      2498.5,
      2498.5,
      2498.5,
      2498.5
    ],
    "KL-DRO": [
      245.16666666666666,
      288.1333333333333,
      382.6,
      1072.0,
      2295.866666666667,
      2448.5333333333333,
      2479.8,
      2491.0333333333333,
      2498.5
    ],
    "Wass-DRO": [
      246.73333333333332,
      249.06666666666666,
      1618.6333333333334,
      2472.7,
      2492.0,
      2496.0333333333333,
      2497.5666666666666,
      2498.5,
      2498.5
    ],
    "RRM": [
      246.46666666666667,
      296.43333333333334,
      474.3,
      1995.1666666666667,
      2492.0666666666666,
      2497.5,
      2497.9666666666667,
      2498.0333333333333,
      2498.5
    ],
    "ESA": [
      246.5,
      246.9,
      249.26666666666668,
      248.7,
      248.2,
      250.13333333333333,
      249.9,
      250.93333333333334,
      2498.5
    ]
  },
  "std": {
    "Mean": [
      4.6240915023626235,
      12.352957360711464,
      1.930457631409368,
      0.5120763831912405,
      0.45460605656619524,
      0.339934634239519,
      0.2494438257849294,
      0.0,
      0.0
    ],
    "Median": [
      2.9465610840812753,
      5.369254034676409,
      4.878068834647125,
      4.534558657931576,
      0.3741657386773941,
      0.0,
      0.0,
      0.0,
      0.0
    ],
    "Dawid-Skene": [
      3.658171978218386,
      4.661902329879224,
      5.904423953462541,
      5.16225618202825,
      724.2907151137588,
      0.0,
      0.0,
      0.0,
      0.0
    ],
    "GAIL": [
      5.07564993101595,
      4.657848812011352,
      3.2444824959716865,
      2.783682612815062,
      0.4988876515698588,
      0.0,
      0.0,
      0.0,
      0.0
    ],
    "KL-DRO": [
      4.068851871911234,
      6.866504852462342,
      5.958747071882365,
      36.87049407498269,
      9.09480926438568,
      2.3055488621054105,
      1.1372481406154655,
      0.4268749491621899,
      0.0
    ],
    "Wass-DRO": [
      4.419150245113747,
      4.760485502784587,
      24.386107155965306,
      1.589549202342182,
      0.408248290463863,
      0.22110831935702663,
      0.16996731711975951,
      0.0,
      0.0
    ],
    "RRM": [
      4.6240915023626235,
      4.154783053568769,
      12.03577999134248,
      22.659557708736408,
      0.35901098714230023,
      0.0,
      0.12472191289246472,
      0.12472191289246472,
      0.0
    ],
    "ESA": [
      4.600724580614087,
      3.2413988749715243,
      4.471639023395734,
      3.5953673896650207,
      3.0702877172451877,
      2.935226661700175,
      3.8305787204198443,
      3.4296096311711954,
      0.0
    ]
  }
}