{
  "M": 20,
  "K": 12,
  "ratios": [
    0.3,
    0.5,
    0.6,
    0.8
  ],
  "seeds": 10,
  "n_reports": 400,
  "bias_mag": 2.5,
  "sigma": 0.3,
  "partition": {
    "mean": [
      0.8,
      1.0,
      0.9,
      0.7
    ],
    "std": [
      0.0,
      0.0,
      0.0,
      0.0
    ]
  },
  "drift": {
    "steps": [
      425,
      450,
      475,
      500,
      525,
      550,
      575,
      600,
      625,
      650,
      675,
      700,
      725,
      750,
      775,
      800,
      825,
      850,
      875,
      900,
      925,
      950,
      975,
      1000,
      1025,
      1050,
      1075,
      1100,
      1125,
      1150,
      1175,
      1200,
      1225,
      1250,
      1275,
      1300,
      1325,
      1350,
      1375,
      1400,
      1425,
      1450,
      1475,
      1500,
      1525,
      1550,
      1575
    ],
    "ratio": [
      1.0101191653081887,
      0.9894406944334513,
      1.0168382544474985,
      1.0009507516271203,
      1.0506234066756788,
      1.0723084913105299,
      1.03150782617343,
      1.0192841332222182,
      0.9547024855028098,
      0.9727825846141501,
      1.0431616504851904,
      1.034616954907667,
      0.9854665662723185,
      0.9381976898247414,
      0.9530454822176166,
      0.9274116912793248,
      4.050352843468229,
      5.789100166997755,
      7.5274031434947055,
      8.801150523210518,
      9.407502699460188,
      10.12509364685137,
      10.316877565584162,
      11.185975965962163,
      2.6248234982900325,
      1.8382106962384979,
      1.3739931241610384,
      1.1884606042487738,
      1.1185541408888728,
      1.0695285705175717,
      1.023411540249306,
      0.9832193717285471,
      0.9767403486125246,
      0.9691429276824383,
      0.9762593611548221,
      0.9867390909436586,
      0.9820782326926337,
      0.9756615877920689,
      0.9787870828511087,
      0.9896649825154391,
      0.9913838153570433,
      0.9927812248726254,
      0.9870208172695385,
      0.9761898232076811,
      0.9638095420481129,
      0.9878677887106536,
      1.0073859684511244
    ],
    "alarm": [
      0,
      0,
      0,
      0,
      0,
      0,
      0,
      0,
      0,
      0,
      0,
      0,
      0,
      0,
      0,
      0,
      1,
      1,
      1,
      1,
      1,
      1,
      1,
      1,
      1,
      1,
      1,
      1,
      0,
      0,
      0,
      0,
      0,
      0,
      0,
      0,
      0,
      0,
      0,
      0,
      0,
      0,
      0,
      0,
      0,
      0,
      0
    ],
    "thresh": 1.15,
    "bloc_forms": 800,
    "window": 200,
    "n_colluders": 12,
    "first_fire": 825
  }
}