{
  "standard": {
    "mean_last1k": 0.967714786529541,
    "std_last1k": 0.005352149251848459,
    "seeds": 5,
    "steps": 51200
  },
  "gail": {
    "mean_last1k": 0.9645277261734009,
    "std_last1k": 0.009470355696976185,
    "seeds": 5,
    "steps": 51200
  },
  "esa": {
    "mean_last1k": 2.3648507595062256,
    "std_last1k": 0.13655860722064972,
    "seeds": 5,
    "steps": 51200
  }
}